group,gene,pubmed_AD
top50,MS4A8,0
top50,NFAM1,0
top50,ZBTB47,0
top50,C9orf64,0
top50,ZNF33A,0
top50,ZGLP1,0
top50,NHS,210
top50,PXDC1,0
top50,PGPEP1,0
top50,ZCWPW1,32
top50,BCO2,2
top50,ANKS1B,3
top50,LRRC37A3,0
top50,XRRA1,0
top50,HS6ST3,1
top50,ITPKB,14
top50,NXPH1,1
top50,FAM200B,0
top50,RTBDN,0
top50,CELF6,1
top50,ZNF385D,0
top50,ITPRIP,1
top50,ARHGAP27,2
top50,GUCD1,0
top50,FAM181B,0
top50,EVX1,0
top50,MOXD1,0
top50,TMEM102,0
top50,JUND,10
top50,CNTN3,1
top50,DPP10,3
top50,CHST11,0
top50,CALN1,1
top50,RBFOX1,25
top50,CDKL3,0
top50,CRTAP,0
top50,COLCA2,0
top50,MNT,3
top50,PSD2,2
top50,RAI1,2
top50,SP140L,0
top50,PRR5L,0
top50,TOR4A,0
top50,TMEM161B,1
top50,SWT1,0
top50,FGFR1OP2,1
top50,DENND5B,0
top50,MACROD2,3
top50,NFASC,3
top50,CREBBP,15
random50,ZFPM1,2
random50,HMBOX1,1
random50,SLC26A9,0
random50,KCTD20,0
random50,DTNBP1,3
random50,SLIT2,8
random50,GBP2,3
random50,ATP8A2,1
random50,CBX3,1
random50,IPPK,0
random50,DAD1,0
random50,C22orf39,0
random50,ZNF511,0
random50,RARS2,0
random50,LARP4B,0
random50,AP5B1,0
random50,CXorf23,0
random50,RHOBTB3,1
random50,UQCR10,3
random50,PHACTR1,1
random50,LRP11,2
random50,NRM,4
random50,FBXL16,2
random50,C11orf52,0
random50,GPR173,3
random50,FA2H,5
random50,ZNF182,0
random50,CLEC2L,0
random50,YTHDC1,5
random50,IQCF3,0
random50,FAT3,0
random50,OR2A4,0
random50,CYBB,8
random50,TMED8,1
random50,ZNF540,0
random50,MRPL1,1
random50,RICTOR,13
random50,REPS2,1
random50,PRDM11,0
random50,ADAD2,1
random50,TMEM107,0
random50,RELL1,0
random50,RNF17,0
random50,TSPAN10,6
random50,PRRC2B,0
random50,FXYD5,0
random50,ARMC9,0
random50,KRTAP4-8,0
random50,LRRC8A,1
random50,EPB41L4B,0
